TimeStep,Reward
1475,0.2864228434680166
1280,0.28275711812045456
907,0.26672556646937895
1263,0.2766683600612763
639,0.2733762641877444
1933,0.28831044070764755
334,0.26618461534171944
1234,0.26835470390462873
509,0.2696900705972869
721,0.2751413818724308
326,0.2692411005931626
734,0.27547887890041417
544,0.26996819509076886
293,0.26813393181920586
1168,0.28061450712529273
350,0.269499595715843
1271,0.26683425122646587
1364,0.27339608850359465
1002,0.2700792105086508
945,0.26768834618980153
1813,0.27958408415243535
309,0.2659014885999823
1664,0.2893700994436162
699,0.2662050665741317
1352,0.2691435238884987
114,0.2632906600745047
933,0.2703620142358468
1782,0.2842481638987612
521,0.2714357924759031
1438,0.28525999761850007
1983,0.28568993509619245
1662,0.27611704237252027
1224,0.28290072355172524
268,0.2680309238483826
29,0.28137866149863905
571,0.27265538276471024
1609,0.27533306792486223
1537,0.2819522662030682
1471,0.27236597492073744
1415,0.2684023091905131
574,0.2660929424137955
1874,0.26783641232758837
1434,0.2677960623742668
139,0.265585442996105
25,0.2748789810152283
1790,0.2895863084263386
564,0.2729297270917078
1331,0.28426931935911093
486,0.26587469045315615
1648,0.2672762222751527
991,0.2786855275593786
1144,0.27270060569566484
665,0.27436032978070507
1787,0.27029627182311444
172,0.26529865081651605
1805,0.26751829087042356
1006,0.2703367867557614
1269,0.2789945285317948
1795,0.2887150658308819
1559,0.2724695783260135
54,0.2606691359606348
1145,0.2672023212496116
98,0.26259318124017283
1753,0.2822829669509531
1984,0.3076581420551062
1081,0.36643870039742243
1048,0.3099083875376629
1990,0.30682170342723175
1851,0.31897791359421257
2,0.3594355098986448
783,0.3146252694635187
1048,0.3099083875376629
1071,0.3535041003774659
794,0.37448186940250683
1646,0.34452772976603013
1870,0.3150241693233061
1679,0.3967352746925805
1737,0.35430556743216846
1989,0.32632829908297956
621,0.31101889417784934
158,0.25685197271653
1019,0.3941744930155743
731,0.37284273097216547
1551,0.31711392659238347
1606,0.31774208115366787
681,0.3589264828859327
1734,0.34608914052675477
1147,0.32823059136207844
1164,0.3959014116780735
1545,0.32582303112069566
628,0.32925859803656665
1997,0.3144765932778356
604,0.3600814344589033
1238,0.3628822507281604
1446,0.3882880086583476
1801,0.3124939774759258
376,0.2866755409404782
1226,0.38558482115775966
202,0.2515074915367932
1947,0.3217289512395986
1835,0.3672231189845393
255,0.2281743187184026
1650,0.31726433394993464
1102,0.37206127601220373
1583,0.3373407580863194
1432,0.32932346014693215
898,0.3320104108734776
501,0.3033301428942877
762,0.3863942026088561
1746,0.32372332525301817
554,0.3579008687660836
279,0.2733893412376108
135,0.25417999656996354
1364,0.3772708700325712
402,0.3200271565966944
225,0.23793880102892484
479,0.3498960046862296
1135,0.31214505463781383
929,0.31807126170723526
1843,0.3874141722315467
881,0.3966160529059761
1770,0.3071584019591377
1760,0.3832109455991875
1630,0.36273948558897606
529,0.35579526867951683
1962,0.39551765680757645
1916,0.33697615051106644
863,0.38152432311654166
1701,0.29283548831904394
1458,0.29283548831904394
655,0.29283548831907347
198,0.32466411480383106
501,0.29283548831907347
150,0.30915467517451234
331,0.2901605930622901
1269,0.29283548831904405
551,0.29283548831907347
1411,0.29283548831904394
666,0.29283548831907347
1750,0.29283548831904394
971,0.29283548831907347
660,0.29283548831907347
1982,0.29283548831904394
349,0.29121463494831146
13,0.3589054699535873
1322,0.29283548831904394
1306,0.29283548831904394
1272,0.29283548831904405
967,0.29283548831907347
698,0.29283548831907347
1030,0.29283548831904394
641,0.29283548831907347
618,0.29283548831907347
46,0.33589731562370234
1279,0.29283548831904394
321,0.3001189289559107
1432,0.29283548831904394
226,0.3294818307242271
1415,0.29283548831904394
831,0.29283548831907347
1198,0.29283548831904394
723,0.29283548831907347
1713,0.29283548831904394
176,0.31103452144263977
734,0.29283548831907347
239,0.33124649552989455
52,0.33364721946839937
1302,0.29283548831904405
1199,0.29283548831904394
1590,0.29283548831904394
379,0.29283548831907347
1273,0.29283548831904394
984,0.29283548831907347
970,0.29283548831907347
1217,0.29283548831904405
335,0.29158148426470537
1878,0.29283548831904405
1856,0.29283548831904394
1013,0.29283548831907347
631,0.29283548831907347
1939,0.29283548831904405
997,0.29283548831907347
614,0.29283548831907347
1087,0.29283548831904394
1965,0.29283548831904394
942,0.29283548831907347
502,0.29283548831907347
1872,0.29283548831904405
1596,0.29283548831904394
927,0.2928354883190735
686,0.29283548831907347
306,0.2995329944642637
1249,0.3090463927618417
453,0.4236155955205929
288,0.35013973566406137
398,0.4054778217712229
812,0.3967479322267544
1707,0.30857796443972835
1653,0.3762132948660162
329,0.37861904598603613
607,0.31703152098434406
69,0.2971297524541031
170,0.3147130790261064
615,0.322852069945381
1743,0.36708067724258947
1367,0.3251038306157008
167,0.2896026726957885
33,0.2850673681163098
1615,0.3632816456055969
1545,0.32582303112069566
970,0.37428201948960377
1257,0.36954134520008514
1966,0.32675541327154234
214,0.3405514511679436
1870,0.3150241693233061
1745,0.3067601981119406
1465,0.39211664561229465
1588,0.30682898900227645
461,0.39366376928632874
218,0.3156659715194151
162,0.2933414397024597
390,0.42229636820666
452,0.3842116401898661
1609,0.3754979817731322
943,0.3762108713948559
1573,0.38152213154695375
1384,0.3948181920880136
558,0.31052908421821834
1943,0.39667335138686777
291,0.3663730155862174
1348,0.33053344031712467
1143,0.3303173447273373
1077,0.3663009241493478
173,0.29491424449393033
755,0.3921153196946522
1521,0.37404600718111736
1964,0.3219044983526756
1168,0.3255156262754668
1471,0.38412180522750916
374,0.3641474408560035
237,0.3223523965817042
1412,0.3067564479675107
820,0.3390580516333971
397,0.42985263981160277
1898,0.374412815810811
1071,0.3535041003774659
1798,0.39192079429761223
17,0.34040572710702455
568,0.3681305740800013
1308,0.3937130971647681
129,0.24907227884526617
1625,0.31399959756744683
1210,0.3224683094079977
1384,0.3948181920880136
880,0.36915598361773005
707,0.33504165521466656
1147,0.29283548831904405
851,0.29283548831907347
1004,0.29283548831907347
817,0.29283548831907347
1079,0.29283548831904405
785,0.2928354883190735
1466,0.29283548831904394
1577,0.29283548831904405
1221,0.29283548831904405
1342,0.29283548831904394
417,0.29283548831907347
338,0.29283548831907347
338,0.29283548831907347
1142,0.29283548831904394
1905,0.29283548831904394
1704,0.29283548831904405
552,0.29283548831907347
704,0.29283548831907347
658,0.29283548831907347
1665,0.29283548831904394
418,0.29283548831907347
1304,0.29283548831904394
1075,0.29283548831904405
1464,0.29283548831904405
978,0.29283548831907347
309,0.29283548831907347
957,0.29283548831907347
331,0.29283548831907347
1549,0.29283548831904405
1258,0.29283548831904394
1095,0.29283548831904394
983,0.29283548831907347
73,0.24591854262852153
963,0.29283548831907347
1322,0.29283548831904394
25,0.2020026081841001
947,0.29283548831907347
633,0.29283548831907347
196,0.29283548831906614
1042,0.29283548831904405
1198,0.29283548831904394
73,0.24591854262852153
662,0.29283548831907347
1260,0.29283548831904394
1982,0.29283548831904394
1174,0.29283548831904394
1144,0.29283548831904394
1573,0.29283548831904405
1300,0.29283548831904405
1817,0.29283548831904405
1053,0.29283548831904394
487,0.29283548831907347
1551,0.29283548831904405
415,0.29283548831907347
1339,0.29283548831904394
423,0.29283548831907347
773,0.29283548831907347
458,0.29283548831907347
1090,0.29283548831904405
1776,0.29283548831904405
362,0.29283548831907347
947,0.29283548831907347
683,0.29283548831907347
1012,0.29283548831907347
977,0.29283548831907347
323,0.29283548831907347
1235,0.29283548831904405
420,0.29283548831907347
331,0.29283548831907347
620,0.29283548831907347
1007,0.29283548831907347
1065,0.29283548831904405
1781,0.29283548831904394
557,0.2928354883190735
508,0.29283548831907347
1204,0.29283548831904394
206,0.22681702908265144
860,0.29283548831907347
1394,0.29283548831904394
309,0.29283548831907347
584,0.29283548831907347
435,0.29283548831907347
344,0.29283548831907347
759,0.29283548831907347
474,0.29283548831907347
1172,0.29283548831904394
1506,0.29283548831904405
1823,0.29283548831904405
1449,0.29283548831904394
1801,0.29283548831904405
685,0.29283548831907347
971,0.29283548831907347
321,0.29283548831907347
584,0.29283548831907347
1319,0.29283548831904405
1631,0.29283548831904394
479,0.29283548831907347
652,0.29283548831907347
1938,0.29283548831904405
1851,0.29283548831904394
126,0.26966787064101305
186,0.22320746640965006
1970,0.29283548831904394
563,0.29283548831907347
1682,0.29283548831904394
295,0.2924042550374214
441,0.29283548831907347
1575,0.29283548831904394
1051,0.29283548831904405
340,0.29283548831907347
766,0.29283548831907347
1058,0.29283548831904405
488,0.29283548831907347
1350,0.29283548831904405
705,0.29283548831907347
498,0.29283548831907347
924,0.29283548831907347
1347,0.29283548831904405
631,0.29283548831907347
1975,0.29283548831904405
1827,0.29283548831904405
358,0.29283548831907347
265,0.2780072692380625
1023,0.29283548831907347
1761,0.29283548831904394
549,0.29283548831907347
127,0.2666420238573196
803,0.29283548831907347
1164,0.28520260905093764
1887,0.295588690735198
748,0.2679702175929609
1295,0.2699065729790024
588,0.2930572351425872
719,0.2958069476223887
1411,0.3169730162202746
765,0.28922677481041553
302,0.2664698873758066
1669,0.3135474071295081
287,0.27648858986711916
888,0.29172740408794334
1038,0.2781793215353687
1190,0.30572827994242274
838,0.29513988624376153
732,0.30010317858934277
410,0.27308430674671513
1461,0.31696327831890214
910,0.2837210965815112
492,0.27800667025999853
1737,0.31248722562059533
198,0.2739860549966455
381,0.2816926992378058
1974,0.2748261580514737
1622,0.2727860931532662
1922,0.27757341786600026
635,0.26774002684233345
438,0.28118659557722137
82,0.28815267809930584
1280,0.303039637207006
908,0.3096760364852447
849,0.2701397763464803
1953,0.28627642026998346
329,0.27609549753940826
8,0.3215078889987557
1437,0.3048244439778407
1514,0.2715268944881722
1040,0.31685448889653556
109,0.2801072539496071
991,0.3008571171448447
1540,0.26958273869634647
1196,0.29923941949087945
779,0.2693674066925901
1388,0.2763207661777831
601,0.2911312538472951
373,0.277757017163501
208,0.26625678073169173
509,0.2675423822376014
1129,0.3074512401238322
1651,0.2960845197603218
527,0.27315976215849375
1200,0.2699974878661166
994,0.2774132223944344
571,0.27361671929065057
1528,0.27658093704946385
624,0.28224827876810177
23,0.27473636387655453
1477,0.26872190013460784
1490,0.27211510353837093
1440,0.27597519821409344
238,0.26862706445708817
425,0.2836065523953404
1930,0.27455183766276076
1115,0.31301265517961846
300,0.25552323796655096
141,0.2649637257162517
1836,0.29283548831904405
581,0.26934176665646836
134,0.2646340311840912
908,0.29283548831907347
1183,0.29283548831904394
488,0.24493167225790474
841,0.29283548831907347
129,0.2661919698891211
464,0.2447337539791191
867,0.29283548831907347
600,0.27644878435544884
351,0.2503828982865278
19,0.2690421893860393
738,0.29283548831907347
1113,0.29283548831904394
68,0.2720698449986504
171,0.2620036640947282
1165,0.29283548831904394
1723,0.29283548831904405
224,0.26104035016259364
1050,0.29283548831904405
504,0.2509742986708904
16,0.2659659426078182
1233,0.29283548831904405
391,0.24454182094414875
1563,0.29283548831904394
155,0.2652708231774127
150,0.2649264275501307
275,0.25734133492104694
1450,0.29283548831904405
1438,0.29283548831904394
95,0.26650933219284867
679,0.29283548831907347
152,0.26317981455073336
1517,0.29283548831904405
1943,0.29283548831904394
140,0.2640793293837324
918,0.29283548831907347
1985,0.29283548831904405
1392,0.29283548831904394
1230,0.29283548831904394
1615,0.29283548831904394
231,0.26047942533585333
539,0.25080676280948355
584,0.2720670631830669
281,0.2570300670906859
1387,0.29283548831904405
910,0.29283548831907347
948,0.29283548831907347
1196,0.29283548831904394
204,0.2613199538769029
112,0.26720636286666744
908,0.29283548831907347
1675,0.29283548831904405
619,0.26292935553550856
203,0.260199771526255
117,0.26718441690439343
1131,0.29283548831904394
339,0.2505497594617503
279,0.25536462009353067
450,0.24403591869224656
1992,0.29283548831904405
241,0.2915281755374568
133,0.27575478760505645
1363,0.30740665609942386
487,0.3046010437449026
1660,0.30597421999122904
1225,0.30572234980513535
121,0.26848160726503467
350,0.3061473902069255
800,0.30419552748080014
389,0.31574302546539346
1104,0.2767606504769607
1594,0.27704824070556516
1900,0.27773552324064704
181,0.2948363109948212
338,0.30860725921120336
824,0.32138340096188733
712,0.30978921405446275
1876,0.26878472491939726
1523,0.27789935397370297
485,0.3137758992844561
1977,0.2727864889235674
1928,0.29945302904965365
119,0.26924571418297455
1787,0.2760191425495078
1271,0.2899809391609403
250,0.3006176032709172
291,0.2948524931320464
615,0.33237404716377983
1803,0.3128845093793368
778,0.32454522221434834
93,0.26160416168188083
276,0.30435936775461014
1973,0.31657983485739366
501,0.3182638867078138
901,0.28842106584943833
1642,0.28586935575053174
1351,0.31354164821987246
508,0.3251233402247754
1108,0.27800359030115374
1317,0.2697382802037917
710,0.33535737582784375
1159,0.2679721997165456
914,0.2839624502690786
1978,0.29298975632865065
952,0.27923949605858556
431,0.3058308917943443
1368,0.28004349196906286
887,0.3130857467312036
1212,0.29853568963458815
1969,0.27994487788995537
222,0.29075111319626223
1777,0.2945053476110067
1815,0.3017544814715044
469,0.3104420515559319
813,0.29798534528506826
1018,0.31084708372749187
1502,0.3172047217560407
1405,0.27020103112196936
1549,0.26856008914462093
84,0.26014752778164996
723,0.3323693619206898
1982,0.2727041011843345
910,0.31052338458770923
1475,0.2848025929185514
754,0.38431974234404803
988,0.3793255095949062
465,0.3852001092472489
478,0.3953035234189883
1124,0.3547189147453751
612,0.33624007071451234
1324,0.31503065140133585
311,0.3152592599721289
1026,0.36682205895905984
829,0.36864299022810904
1363,0.36552438470560955
1026,0.36682205895905984
415,0.3924343394886288
1644,0.30778125497968467
1693,0.32520306969960233
318,0.30654929255383523
737,0.3656466690432143
142,0.33828019261620723
1170,0.38669676353868365
825,0.3640664416302196
67,0.24446776554880578
1822,0.3792228960405303
1419,0.34094516244737727
881,0.385863160930758
1986,0.3957212702599158
1072,0.30675650459834647
1359,0.36721116695243117
1297,0.33098169185553944
281,0.31288630145257973
50,0.2976463094904749
1775,0.3157425729958291
312,0.3077059712177513
1895,0.30690224520616927
1317,0.3067800731312007
1691,0.39642614513741303
1550,0.31100785510442397
112,0.35210223757815956
1648,0.3683752218780179
1002,0.3203636212453174
665,0.34018714734472555
265,0.3691937010436243
567,0.38032865239081437
332,0.340542434534183
643,0.35444288011000263
960,0.3279155455465032
307,0.3424300459444116
108,0.36204607571304326
132,0.3670338148844998
1831,0.33373782612408603
1468,0.3072614966000673
1876,0.30780403202285694
529,0.38998287355993155
1453,0.37761037809427167
521,0.36314586270522553
977,0.31664364363459585
1666,0.3951075562973888
163,0.33653306780010556
1786,0.37795621198065527
567,0.38032865239081437
1633,0.35753912420356115
63,0.2597347191177568
1196,0.3508308864610937
1818,0.35242972764223246
48,0.3009004246032773
771,0.29283548831907347
317,0.28181024783766223
398,0.29283548831907347
530,0.29283548831907347
1992,0.29283548831904405
438,0.29283548831907347
1820,0.29283548831904405
191,0.23175060476480636
364,0.29283548831907347
877,0.29283548831907347
1943,0.29283548831904394
318,0.28014316027187436
459,0.29283548831907347
1422,0.29283548831904405
1467,0.29283548831904405
1856,0.29283548831904394
1336,0.29283548831904394
1765,0.29283548831904394
106,0.28117660245828
624,0.2928354883190735
665,0.29283548831907347
635,0.29283548831907347
1030,0.29283548831904394
451,0.29283548831907347
1389,0.29283548831904405
838,0.29283548831907347
1194,0.29283548831904394
1888,0.29283548831904405
1379,0.29283548831904405
1166,0.29283548831904405
610,0.29283548831907347
1678,0.29283548831904405
1137,0.29283548831904394
1025,0.29283548831904405
495,0.29283548831907347
950,0.29283548831907347
1481,0.29283548831904405
908,0.29283548831907347
429,0.29283548831907347
716,0.29283548831907347
927,0.2928354883190735
914,0.29283548831907347
674,0.29283548831907347
1087,0.29283548831904394
1634,0.29283548831904394
1639,0.29283548831904405
455,0.2928354883190735
587,0.29283548831907347
1696,0.29283548831904394
1054,0.29283548831904405
1852,0.29283548831904405
650,0.29283548831907347
1913,0.29283548831904394
1951,0.29283548831904394
434,0.29283548831907347
1486,0.29283548831904405
1273,0.29283548831904394
929,0.29283548831907347
1923,0.29283548831904394
879,0.29283548831907347
1979,0.29283548831904394
597,0.29283548831907347
690,0.29283548831907347
744,0.29283548831907347
1948,0.26354365003931346
918,0.3013506597977555
705,0.2961157666924987
362,0.2869912354691011
1680,0.27051625538898505
830,0.29995207181229466
93,0.2487173912231527
412,0.28792650976841294
861,0.3008160205727894
451,0.29037111923466313
1374,0.28885500190005775
1609,0.27105224064626177
53,0.28454088645435566
863,0.2994451075637421
1325,0.2897350527375512
481,0.2895905037413831
320,0.2872591680940331
1648,0.27230759664472715
1166,0.3002012573359282
1608,0.2700534208432863
15,0.3499131876921201
331,0.286707102339569
51,0.28490688711884354
665,0.2966577771674697
1990,0.2645740426634643
1974,0.2632857067322617
1210,0.2988741438291211
1977,0.2635728559190799
98,0.250540198118575
6,0.35817938671365424
1439,0.28274973442501994
1793,0.2501117019220199
1700,0.26994603954598195
475,0.28974374242733564
432,0.28972291416027396
82,0.26929397714059683
828,0.30033050356741553
349,0.2862742970737404
1758,0.2635699423855766
409,0.2887194214343095
1410,0.2901278430607523
1488,0.27840487366655714
172,0.28039519561193915
648,0.295080341892451
1474,0.2835140562619529
683,0.2964253779666912
1041,0.30170595910228537
586,0.29231192156086017
1263,0.2941808685648125
953,0.30165603026710824
1301,0.29263273653179467
1581,0.2752551593020765
1974,0.2632857067322617
381,0.2876127030354871
581,0.2919036232254962
1645,0.26970861742206276
908,0.30054513920423687
241,0.28375589118908184
1351,0.2888741373980336
950,0.3014144405463327
1026,0.3018047952262012
1266,0.29747128349160107
649,0.2939675994861158
1723,0.266746247497974
203,0.3094805014122284
1098,0.30741707049417377
1454,0.3744557266800167
243,0.2969316719635128
1252,0.38588545094948895
964,0.3686462165002328
696,0.303521199215879
1718,0.373750948606224
1444,0.313645037300033
769,0.373711899732512
1406,0.3111084579164417
291,0.3557492437368673
232,0.28818334754433617
1678,0.3684563266583394
1911,0.395544228998362
487,0.35218050707648096
179,0.2938577078924194
1474,0.33151801183007173
678,0.30855659532126145
304,0.3580818051725676
314,0.31013066633253317
553,0.3245356813023783
1334,0.38672265826909435
910,0.30523488522944636
512,0.35678019051778864
757,0.35733224745890046
68,0.3127787124368595
1226,0.3666721390690153
1673,0.39616527973672194
98,0.29874575354202554
1584,0.3740015446292235
1173,0.3135189410697366
7,0.3644911051998
1307,0.34372685702040556
974,0.3345788147839695
1258,0.3829237436704295
659,0.3057206854023845
1960,0.3503373533098837
56,0.32385811207105686
479,0.3699312612269732
144,0.2849246396457126
936,0.32337768607249584
557,0.31931574649098005
155,0.28034224528931195
66,0.31436489971097303
413,0.30656593468317356
1183,0.3848770421706958
45,0.3473872196588418
106,0.2987022500884231
383,0.3114334141539662
1314,0.3706058076719866
1165,0.3713379602448262
1797,0.3580582788936093
665,0.3028600148589155
627,0.3024412784827084
1634,0.3660312985465305
1387,0.31114777663049875
1950,0.39405011740961426
1137,0.3262393742777656
405,0.36336525431944783
136,0.28362221220807315
1322,0.37488186953300673
306,0.3071048837615004
1353,0.3850577345042683
953,0.29283548831907347
602,0.29283548831907347
384,0.29283548831907347
1004,0.29283548831907347
208,0.3316724637212909
1117,0.29283548831904394
29,0.27881510750637145
1720,0.29283548831904394
782,0.29283548831907347
1885,0.29283548831904405
799,0.29283548831907347
115,0.277774303102962
660,0.29283548831907347
1715,0.29283548831904405
1418,0.29283548831904394
1470,0.29283548831904405
944,0.29283548831907347
956,0.29283548831907347
1686,0.29283548831904405
1165,0.29283548831904394
1311,0.29283548831904394
1355,0.29283548831904405
411,0.29283548831907347
1290,0.29283548831904394
667,0.29283548831907347
1835,0.29283548831904405
1819,0.29283548831904405
124,0.2803882256850012
1931,0.29283548831904394
439,0.29283548831907347
74,0.24675593848865263
66,0.27021853594460643
420,0.29283548831907347
162,0.3114636936599131
1539,0.29283548831904394
675,0.29283548831907347
1604,0.29283548831904405
276,0.30467439446151673
74,0.24675593848865263
1414,0.29283548831904394
218,0.3311322720407417
504,0.29283548831907347
412,0.29283548831907347
638,0.29283548831907347
1781,0.29283548831904394
1465,0.29283548831904394
513,0.29283548831907347
713,0.29283548831907347
1250,0.29283548831904394
1946,0.29283548831904394
1280,0.29283548831904405
1253,0.29283548831904405
913,0.29283548831907347
1715,0.29283548831904405
382,0.29283548831907347
1557,0.29283548831904405
294,0.29773731944213677
1072,0.29283548831904405
1703,0.29283548831904405
1920,0.29283548831904405
1138,0.29283548831904394
483,0.29283548831907347
536,0.29283548831907347
1582,0.29283548831904405
983,0.29458136966054765
539,0.2947753608332104
1516,0.29407974898691464
511,0.2933018489956456
730,0.2934056726630708
1110,0.29656715956469926
792,0.2940051334395887
440,0.2935574297250325
928,0.29607763710222845
280,0.2936022051178293
1842,0.2944353417807305
1341,0.29500275790212493
617,0.29329150115521485
1544,0.2982191957874021
11,0.22626637970460098
894,0.29356138450677716
1123,0.2967855753824395
802,0.2954781116695433
1594,0.29831543965666557
1207,0.29422587204189865
573,0.293257949082029
29,0.3055222220992938
65,0.29283548831906253
1713,0.29831971535820007
1153,0.29544451261930693
939,0.2944783404071681
1391,0.29466135981373287
826,0.2943781920114107
1507,0.2975572251327947
942,0.2952691875781021
47,0.24151813647002923
915,0.29575901523596976
1192,0.29700306078436733
1548,0.29474810907338406
1278,0.29464340661964733
437,0.2939803742420105
1118,0.29560277862437406
677,0.29527421700822365
1005,0.29518999563377635
1779,0.29456126641299785
642,0.29333974806900487
1678,0.29520086745751156
1528,0.29405775435498704
685,0.2940109482080422
876,0.29417809345477597
633,0.29512674765942803
193,0.2936351627660716
790,0.29565705406336984
67,0.29316242006803206
900,0.29350388580421055
1819,0.2969396650193058
574,0.2934443057404891
1027,0.2946864874833895
239,0.29319572397371463
642,0.29333974806900487
1391,0.29466135981373287
1887,0.2947013373161487
1699,0.29531275379107996
1254,0.29643678525432277
1955,0.2946423038964261
1303,0.2944935602744734
994,0.2935976394927367
702,0.29535703290943277
1526,0.2973749779757007
1289,0.29283548831904405
1981,0.29283548831904394
1672,0.29283548831904394
1343,0.29283548831904394
32,0.28807249406357394
1467,0.29283548831904405
235,0.2585246265335644
1605,0.29283548831904405
538,0.23659953446301066
1071,0.29283548831904405
243,0.25914098812124997
400,0.24740010205821422
1647,0.29283548831904405
1821,0.29283548831904394
1013,0.29283548831907347
822,0.2567896409206749
613,0.23067189825675327
1410,0.29283548831904394
1985,0.29283548831904405
1376,0.29283548831904394
580,0.23153540271592238
164,0.26233540192002486
1738,0.29283548831904394
271,0.25495525841822486
892,0.269687590357605
1226,0.29283548831904405
1694,0.29283548831904394
1846,0.29283548831904405
1642,0.29283548831904405
1852,0.29283548831904405
969,0.2857357894273916
1038,0.29283548831904405
576,0.23375789585043616
1245,0.29283548831904405
597,0.23023213587961242
1947,0.29283548831904394
1631,0.29283548831904394
1817,0.29283548831904405
581,0.23258625573762254
482,0.240904374312331
1599,0.29283548831904405
701,0.21793951592850355
1788,0.29283548831904394
1648,0.29283548831904394
1294,0.29283548831904394
1846,0.29283548831904405
123,0.2661781219653268
1483,0.29283548831904405
1899,0.29283548831904405
1266,0.29283548831904394
929,0.2743996410283829
1686,0.29283548831904405
1641,0.29283548831904394
1098,0.29283548831904405
1865,0.29283548831904394
856,0.2624629583558187
1130,0.29283548831904394
384,0.24627046678394154
1053,0.29283548831904394
1246,0.29283548831904405
556,0.23462176370150223
1315,0.29283548831904394
1646,0.29283548831904394
577,0.23309708269426738
927,0.2928354883190735
778,0.29283548831907347
1792,0.29283548831904405
1862,0.29283548831904405
1909,0.29283548831904394
1265,0.29283548831904405
1739,0.29283548831904394
1943,0.29283548831904394
789,0.29283548831907347
1640,0.29283548831904405
862,0.29283548831907347
415,0.26929954749116264
142,0.27134534402881244
319,0.24470053615610893
1641,0.29283548831904394
226,0.25216674840213804
650,0.29283548831907347
1951,0.29283548831904394
1891,0.29283548831904394
235,0.24978049410056688
1544,0.29283548831904394
1337,0.29283548831904405
1198,0.29283548831904394
1602,0.29283548831904394
1778,0.29283548831904394
777,0.29283548831907347
717,0.29283548831907347
506,0.29283548831907347
690,0.29283548831907347
751,0.29283548831907347
586,0.29283548831907347
39,0.2609311268507456
140,0.2699197761287872
1369,0.29283548831904405
1658,0.29283548831904394
229,0.25118857611280615
272,0.24008725590178226
708,0.29283548831907347
741,0.29283548831907347
1773,0.29283548831904394
1527,0.29283548831904394
1602,0.29283548831904394
494,0.29283548831907347
1576,0.29283548831904394
503,0.29283548831907347
1077,0.29283548831904405
1834,0.29283548831904405
1676,0.29283548831904394
825,0.29283548831907347
634,0.29283548831907347
1593,0.29283548831904394
10,0.31233695259811356
1003,0.29283548831907347
524,0.29283548831907347
776,0.29283548831907347
211,0.25405701319394447
1797,0.29283548831904405
562,0.29283548831907347
425,0.27273400395422853
237,0.2514546501878434
1347,0.29283548831904405
1496,0.29283548831904394
1582,0.29283548831904405
1361,0.29283548831904394
346,0.3026992673482511
126,0.29142185716936025
1813,0.38400923516269697
143,0.3058307203303789
1236,0.3541798248137456
1493,0.3759861313612478
406,0.36552286927674094
1715,0.3108625846919422
1943,0.32817019630928435
301,0.3056910603510702
1455,0.37997021894699
1623,0.34450683482493344
1614,0.32191235407590935
212,0.320780462951168
1646,0.3081400120847673
1103,0.3780623618858611
1187,0.3102564159597852
58,0.27315917715662846
1980,0.3104014833252368
708,0.35553517551641395
1739,0.3483699029461437
1683,0.32665763260445746
68,0.28718606208282005
425,0.361320217183718
284,0.32150483752252756
522,0.3035183181274714
1442,0.3795177745265662
169,0.29671495875313214
781,0.3445882013523283
759,0.3286277024034744
1874,0.3321263982382271
1379,0.37699235832511613
1080,0.3138921760058534
973,0.3182398181108885
614,0.3454508654372667
1821,0.3371648101703557
546,0.30798618965162733
1193,0.317794097019353
1800,0.3794699535956786
604,0.30951238861096175
238,0.3042452952224588
117,0.3110041175901159
1413,0.3175855172243505
676,0.37171127125576353
1991,0.3269545454543892
1977,0.3784343170289402
335,0.35066874101641343
1533,0.30583768469916606
1944,0.36574858869382637
215,0.31518862402072145
916,0.3332730284968759
1655,0.3660516626771462
339,0.3014245895350993
1918,0.33280169454377817
830,0.3052744443777178
358,0.3003263507247481
521,0.30519479081697143
974,0.30137856842639427
328,0.32417908542063184
1684,0.30521392798997815
616,0.30093747425395556
580,0.3478096050419427
1604,0.33873165927849436
431,0.3690017839506553
1108,0.3417039533311155
109,0.3015332538912232
470,0.32916791607754514
746,0.38289420475711494
622,0.3166444265002972
1958,0.3966150031705748
431,0.34583376879495953
1962,0.32219485216346655
969,0.31502993105220534
1512,0.3958417599275682
701,0.394554596428622
423,0.29344337439262547
1728,0.3129153778250683
1483,0.31202973808715007
572,0.31090252876513097
1097,0.39634958814788845
578,0.3171091279891353
356,0.301650789305056
1209,0.3627503431136889
1144,0.3078830875954835
778,0.3584678086017236
256,0.33453008588123806
438,0.32758331778156796
516,0.3028934001666431
852,0.39660307806631345
1913,0.37501912597991194
1486,0.38461837698639584
238,0.3093266516746295
1118,0.3283374893705717
911,0.31734436089051504
15,0.31029689411816935
1168,0.3388077211153672
367,0.2734402496942001
1813,0.39224666810314146
747,0.33993043595260986
1301,0.3087157786318084
813,0.3555227109885549
1635,0.31461340650704644
518,0.3593949618229353
1527,0.3116938255676217
1533,0.31831117181166463
1853,0.33338716829394016
1204,0.3966836896574212
657,0.394272085206012
1150,0.3118610191079478
801,0.3798911517189115
927,0.39058971172955403
1818,0.3417065495538757
79,0.38880050818217005
415,0.2648096933429232
1273,0.39670333150179904
492,0.3144198552117201
1752,0.3536344304983825
1664,0.35524376854890793
1508,0.3148840125093657
1250,0.3264334021210332
340,0.2387839135946434
454,0.2887412484744854
1920,0.39541539856990937
342,0.2889058993176711
1987,0.3182379301119044
1502,0.30951928072230417
325,0.30797876731397145
205,0.3458908073224086
1627,0.33229841448571135
1592,0.2951329850688857
845,0.3065697167117274
158,0.2821076869308979
567,0.2929910951456315
1568,0.3167222733810494
708,0.3346746445377215
128,0.2828387931260911
1633,0.3376368756752549
254,0.288953556001039
97,0.28635966727969453
706,0.2942142809269114
1288,0.32482184429144356
1610,0.29454328518344547
1924,0.29617237057531093
1927,0.33657904175756614
1916,0.3332806571687593
1400,0.3423037842839651
653,0.3316953676799099
1778,0.32797558818225603
226,0.2983114875750153
4,0.3597977073673253
277,0.29437529530728634
893,0.3039299667384389
1760,0.3072900120129256
687,0.29303802572630433
864,0.30994405114215706
503,0.31237346467431204
478,0.30913921489592067
631,0.29938686277948784
659,0.3367111163478345
629,0.30524488242233194
912,0.3011191719959534
563,0.3243956838497665
537,0.3039975698668898
1931,0.293017144927403
388,0.33179884045289076
851,0.30093788741772776
1713,0.32874867116388234
1312,0.34222139094257453
1001,0.2926540869726148
1670,0.3428238480630521
1264,0.2994657408304625
1284,0.29405082922450765
838,0.29480833512205906
1054,0.340555784898797
1564,0.3355082756756702
1699,0.29726680939309214
419,0.3324235932022585
798,0.32111859994299213
802,0.3298113834825165
258,0.29466894970562657
229,0.28864142197645715
1263,0.32150978970894506
191,0.28388703696562156
260,0.2868855653234242
92,0.2899845498344553
1357,0.3277332593136713
1048,0.3417990069727548
512,0.30682234081049153
929,0.339671544766844
751,0.31226528826997235
1985,0.33562190629369276
1184,0.3007741300507897
126,0.2944955912669121
785,0.28923112993733985
696,0.2761139517970008
1542,0.2752891929817483
347,0.2735068528561534
1820,0.27388980145128167
85,0.23808113538916034
1182,0.3047228316937266
1708,0.2973156398801198
179,0.27722429893485945
1083,0.2776125894889844
1243,0.2919708422611129
1039,0.2773948238759696
1998,0.315562439258937
206,0.2696505499409107
905,0.29659329480107854
743,0.2818130225109879
1719,0.26914840556884484
1810,0.31690389269026537
1517,0.2732984419236333
1301,0.3115822522903463
155,0.29970067739524386
14,0.32454512181919865
1537,0.27075930858339603
1822,0.31483373083140087
759,0.2790981392318094
808,0.26809285818064016
1360,0.27196266869637153
1903,0.302574284384795
1722,0.31703327888757066
857,0.2729242333697894
1017,0.29018482323792316
823,0.29257968426351255
1651,0.28642150211187606
1563,0.28560675316364137
1252,0.2922963260041533
1162,0.30166360303533696
118,0.2653897232743816
1615,0.31714109031921345
155,0.29970067739524386
1002,0.2694425540195876
733,0.26998732511360063
508,0.2769678747108531
280,0.2659732675861436
153,0.29257153631279154
40,0.2906526217858009
1890,0.29212548790334064
875,0.2841284772712528
127,0.2959108717494568
1514,0.31326594477305003
1416,0.28128894090746875
614,0.27198742315632185
181,0.2815617418938768
1450,0.2878693392782683
1306,0.2969605332652131
61,0.27999489698984403
1664,0.29688476457711915
1600,0.2726706083398252
1093,0.30066348653387664
45,0.2842088637971532
1699,0.2766263567626397
1979,0.3138675404375744
106,0.24616845828737374
281,0.2682519649327747
1170,0.38669676353868365
1498,0.3333883597338532
467,0.429131489103457
672,0.36662125792780065
755,0.3941719726303005
307,0.3395225827011369
187,0.2579926574039835
1298,0.3073926170088378
219,0.2901938704225633
792,0.39262146361718275
386,0.3972839246425134
358,0.3821531336404183
1113,0.39601384238513937
63,0.34167719044775924
1813,0.3097733832502375
1645,0.332934791789065
640,0.343388074316072
1591,0.3858612353840495
179,0.29710611467817816
309,0.4126050692049845
1734,0.37785335417350147
661,0.38721924156951976
628,0.37071661819257556
91,0.31773088897059665
473,0.43897634906456706
1796,0.34132593404219247
770,0.30964604444300187
1298,0.3073926170088378
1925,0.3441263936767881
112,0.32431105695142365
1202,0.3636682665551015
1290,0.36207500219624117
1564,0.3627517002756378
1909,0.3372207244440617
1380,0.3070696012295847
1381,0.32888731420859363
549,0.3870566878736557
1385,0.32964428581127886
1460,0.3460771248939911
1896,0.3213618505656977
1654,0.37999353710635775
1837,0.3456841892536011
1268,0.33258673485334667
910,0.3383214189128088
855,0.39541429234632125
847,0.3315551072742876
1983,0.30680934213200617
1654,0.37999353710635775
595,0.32500061188496676
240,0.38521653352513296
884,0.31131960926367364
185,0.30333083931527927
951,0.34884063408839583
1964,0.3075181816849595
292,0.37189478645215845
1630,0.33131935911225685
109,0.3540066925030687
1738,0.3067573683630187
1763,0.30712700390525527
1577,0.38088371605972265
1386,0.3071745784615332
1636,0.34296916146772227
812,0.38195039835687605
112,0.32431105695142365
769,0.235168298148831
1210,0.29352433915569254
725,0.23753050808729523
622,0.24388851851618765
121,0.28740656784766844
1126,0.2517842031683053
1610,0.29283548831904394
111,0.2872569680676792
1763,0.29283548831904394
1915,0.29283548831904405
1368,0.2834550228979296
1041,0.25454274975201213
897,0.22671308528013362
179,0.2779260799851493
1971,0.29283548831904394
1858,0.29283548831904394
1777,0.29283548831904405
951,0.23559158306561312
231,0.26262244190924156
1295,0.26933344029779327
778,0.2343540490592041
1495,0.29283548831904405
1783,0.29283548831904394
1576,0.29283548831904394
656,0.2411385171889514
1761,0.29283548831904394
896,0.22618222803662086
1430,0.29267648839376964
1506,0.29283548831904405
1569,0.29283548831904405
351,0.25755872836145816
795,0.2330333346681766
1188,0.2562608588294647
1074,0.2527637684178078
1424,0.2918921611457535
1060,0.2508648609433707
106,0.28754639430787343
387,0.2549298900794834
538,0.24674501177571143
657,0.2402957177503741
800,0.23396569183308027
464,0.2515914261337904
974,0.23002138575594464
210,0.26687588146746816
395,0.2553541226551167
559,0.2472087929465805
882,0.22908856435331376
1387,0.28582967978432017
124,0.2868601034721486
94,0.2877855178872459
909,0.22320413819311324
440,0.2539556909473748
174,0.27888816141636136
987,0.24010319574657663
553,0.2477838315444436
1408,0.2839266636964345
356,0.25649648756911225
786,0.23536789189228838
1298,0.27465781775855297
1228,0.25040992359562214
858,0.2294525599889155
490,0.2510857692496671
1635,0.29283548831904405
873,0.23002541907002413
1722,0.30841260517875924
464,0.3512334059484815
1248,0.3966152659068162
1235,0.39332956028527327
1552,0.3144696228029545
74,0.2558228182105769
1278,0.3575377529563532
1821,0.3588659508423492
41,0.31084678141867833
1050,0.3067555213630296
318,0.39394695886786624
914,0.3760929665734505
339,0.24956681499934463
457,0.3819514827960776
1979,0.3214424835039105
433,0.3333919341668
1541,0.32136091646581805
1970,0.3903687574468112
1929,0.31426558594282994
1442,0.3840223740914389
1617,0.34439912457920446
404,0.3253038891641186
1190,0.3559267973162853
416,0.31322970316508036
1898,0.3077283377276262
1896,0.37620117663924446
1637,0.39059122017999903
858,0.39315791188296206
614,0.3847099413509776
878,0.38098393425382504
1682,0.38902914513181774
1872,0.3276927754102834
1137,0.32313440581859487
710,0.31574481950970945
1044,0.3081971350624154
266,0.3874283773970633
325,0.36851780028367864
795,0.3891978191911468
1127,0.3483209115015954
1496,0.3069659040577735
749,0.3130433691372356
1891,0.3225602510346822
1901,0.39298475950152056
554,0.30923892801349795
301,0.33122561997636707
835,0.33843773788865456
284,0.3437751724524257
652,0.373302405097515
1025,0.3070694572102671
204,0.3466755383803477
309,0.30148306816938536
80,0.2623025513933299
1395,0.3127334652935473
1692,0.32823938017693316
219,0.37192508828561777
431,0.396463655988168
1915,0.3699124871006353
250,0.41350675243768353
7,0.3611937459638601
1422,0.3350489555025514
1503,0.31342123626379953
179,0.28625737934419626
995,0.34595672233723684
1153,0.3849111578244361
63,0.2939976714998021
10,0.2919614296484252
669,0.25396031580571227
1928,0.2593668474961468
686,0.254466448156212
185,0.26726190338897987
1273,0.23359649997743454
1667,0.2945904697540228
1955,0.21749831623705398
1635,0.218651707951896
604,0.2572241572925554
1824,0.25550653381136096
805,0.2506941203045643
1500,0.21959441568380925
952,0.24432395690216893
1878,0.25676690524639395
45,0.3230625931078057
78,0.2875571065587236
82,0.2875422844040454
69,0.2877746201096836
1833,0.2561703055508501
1687,0.2547553581312999
572,0.2583239949673083
1703,0.2550469817872628
1428,0.22891737539999132
702,0.2532907029402688
1834,0.25515233438292395
159,0.268058693411813
1060,0.24101119382223396
615,0.2567226637961926
1279,0.23333789685395018
1781,0.2533060543882224
1384,0.23056397805475737
1942,0.26150140155310286
1839,0.2565330780482073
1331,0.23254025012230808
1009,0.24241001209444302
423,0.2618594484379067
96,0.2864389805487477
1338,0.2326878174255431
1445,0.22899323193332816
1264,0.23496852379360875
429,0.2618580862857305
595,0.25662648690636625
1195,0.2371905596325574
1235,0.2347863376394538
728,0.2530187455868677
334,0.2646738548325229
1615,0.23536525746204595
342,0.26368409032601364
728,0.2530187455868677
542,0.2586699781010154
1497,0.2242117368028061
1733,0.25191230461972713
264,0.2664187736932574
992,0.24410173143437486
1554,0.23527611822365654
769,0.25084910583979914
953,0.24455906412970985
1625,0.21950689681169186
693,0.25377072346164914
1968,0.2560068330096784
94,0.28653469357029093
1719,0.2508396681529315
1192,0.33046701696405784
1672,0.30810061236156217
1738,0.34275746109899136
755,0.2985356239944094
1063,0.3000821994748061
627,0.31151190852784294
1378,0.3036119504983544
770,0.31115430039883907
201,0.2963341068029949
119,0.2953263990541457
1192,0.33046701696405784
243,0.30002800057954704
1361,0.3312667180525427
1745,0.3496107342363156
37,0.27142253464553867
313,0.30174794949106404
187,0.2984153476544996
661,0.2973311879431855
1444,0.3357707977548305
930,0.30739417191871293
405,0.2996934269590338
1107,0.3002796979386751
833,0.31420489041281907
1383,0.30545396352829557
1917,0.3107209047481762
773,0.30425324052846
1858,0.35346033663572884
1175,0.3117800884764136
66,0.24602356500783557
1549,0.3280741628049854
1754,0.3049259527210689
1888,0.3285106681472454
742,0.30064175236843993
728,0.31211402817373346
1613,0.34490931705691696
183,0.2945115905747133
555,0.297860082089441
760,0.3080106150069562
664,0.3128938696379784
1938,0.3225897935179109
1061,0.3213512066145757
1833,0.3527414940015905
301,0.2999140111031017
618,0.2992130086640782
662,0.2997509767583221
1328,0.3059362317653479
1852,0.353016388355887
1756,0.3247935590438523
1259,0.30665743838601717
1422,0.3040668730738437
1592,0.309830702908773
490,0.30156221291391005
1584,0.3078800273542497
589,0.3108777840347438
366,0.2953836684426221
283,0.29676657282760865
1242,0.33111665055715894
1324,0.3349822468348195
545,0.30950335188052275
1255,0.33261469033514846
578,0.3028885663630626
687,0.2992629446166577
658,0.3130934019919831
24,0.3204440162424602
131,0.28083970927687674
823,0.2648572674799637
1472,0.264857267479937
794,0.2648572674799637
956,0.2648572674799637
843,0.2648572674799637
973,0.2648572674799637
1847,0.26485726747993704
1308,0.26485726747993704
54,0.284298377506734
1098,0.26485726747993704
1148,0.26485726747993704
563,0.2648572674799637
1389,0.26485726747993704
722,0.2648572674799637
90,0.28161523672139066
173,0.28254251808525926
868,0.2648572674799637
1196,0.264857267479937
1710,0.26485726747993704
1434,0.264857267479937
690,0.2648572674799637
1841,0.264857267479937
402,0.2648572674799637
32,0.3051734494392872
130,0.280985618544224
706,0.2648572674799637
212,0.27936088171910994
376,0.2648572674799637
200,0.28106734963261315
1709,0.264857267479937
1010,0.2648572674799637
529,0.2648572674799637
106,0.2812896630110824
556,0.2648572674799637
964,0.2648572674799637
957,0.2648572674799637
1437,0.264857267479937
1768,0.264857267479937
1327,0.26485726747993704
634,0.2648572674799637
83,0.28182700415536766
1414,0.264857267479937
503,0.2648572674799637
623,0.2648572674799637
1625,0.26485726747993704
1908,0.264857267479937
37,0.28608640536081154
1817,0.26485726747993704
446,0.2648572674799637
1665,0.264857267479937
280,0.2648572674799637
716,0.2648572674799637
1830,0.26485726747993704
1365,0.26485726747993704
371,0.2648572674799637
1290,0.264857267479937
1958,0.264857267479937
356,0.2648572674799637
1631,0.264857267479937
1492,0.26485726747993704
835,0.2648572674799637
1955,0.26485726747993704
947,0.2648572674799637
740,0.3170048933474985
1126,0.2714951388951494
827,0.30284145117852923
940,0.3005732530579415
766,0.30996024323146665
1210,0.29630659837343243
199,0.28861148563910727
832,0.2745947074066005
248,0.27392334912055716
635,0.2882836644588065
1406,0.3169405342501033
1233,0.26977057915419006
1604,0.2684953048480284
1321,0.26952113951117473
1078,0.29500784941673047
1364,0.28479715397684824
1202,0.2684994196055579
1684,0.2953647570375046
396,0.2940674379127971
1629,0.26885282244262415
3,0.35578227863876644
628,0.30534283841972043
661,0.27200626351552143
1572,0.27278253197583413
280,0.2849577224018295
1186,0.3164890359218806
121,0.27130975478566566
1520,0.30963385995794707
1376,0.29838185226325126
737,0.2684604323679896
1876,0.29587556641265134
1471,0.28078404336836305
810,0.309634977165692
817,0.2934167629870287
380,0.28157787003269663
1191,0.2926261612919136
787,0.2691003167039123
422,0.2753873315288622
1968,0.27093166964467474
1868,0.2684788859293981
341,0.26847977376844134
116,0.27974061630098346
1094,0.2809668730961525
1158,0.26847882711607185
920,0.27515037072073023
1462,0.3109543276585305
1034,0.29457439518133244
1035,0.31466473667016004
1442,0.2848675888637117
449,0.2794226958937944
813,0.2724797069011102
101,0.27385880656987377
1402,0.2785092016280679
1299,0.3157498865760296
462,0.2889859339777585
1089,0.2687315488636493
41,0.285857357441926
1120,0.26914710370421924
881,0.2710225628632969
1606,0.3001547268912145
120,0.27239911223634133
1650,0.30057467982735486
986,0.3082801926135641
275,0.29827764839066606
762,0.2812083064889058
297,0.278042969243402
1549,0.26485726747993704
556,0.2821544224369785
1565,0.264857267479937
1540,0.26485726747993704
1308,0.26485726747993704
1033,0.264857267479937
116,0.2756756130087402
1181,0.26485726747993704
1814,0.26485726747993704
1468,0.264857267479937
156,0.27516252094712745
1174,0.264857267479937
304,0.2781277823885958
1261,0.26485726747993704
1074,0.264857267479937
727,0.2820147529506444
382,0.2795790336430274
206,0.27617414884320857
1893,0.264857267479937
841,0.2784873591204564
588,0.2824175061521959
1814,0.26485726747993704
740,0.28177319013625773
518,0.28173265138921466
716,0.2820990539314433
92,0.27956918641661915
144,0.2749598993724676
90,0.2807832401511048
1197,0.26485726747993704
734,0.2818636310421149
1537,0.26485726747993704
269,0.2774386354717333
1424,0.264857267479937
1909,0.264857267479937
853,0.27800675713311696
965,0.2706575325375231
1562,0.264857267479937
404,0.28002028626739717
693,0.2823754090847785
1041,0.264857267479937
887,0.27578405662817373
1913,0.264857267479937
1723,0.26485726747993704
784,0.2807138250555252
1146,0.26485726747993704
1177,0.26485726747993704
75,0.31089436860435055
1033,0.264857267479937
1166,0.26485726747993704
419,0.2801964680276573
1327,0.26485726747993704
106,0.2770542334827394
1790,0.264857267479937
1277,0.26485726747993704
932,0.2729050754666972
1099,0.26485726747993704
659,0.28259059853218016
1687,0.26485726747993704
1867,0.264857267479937
822,0.27934107346639836
973,0.26967168399203206
1690,0.26485726747993704
1485,0.29283548831904394
1348,0.29283548831904405
359,0.29283548831907347
360,0.29283548831907347
1818,0.29283548831904394
654,0.29283548831907347
757,0.29283548831907347
213,0.29283548831906614
46,0.22962384653595097
651,0.29283548831907347
404,0.29283548831907347
1889,0.29283548831904405
680,0.29283548831907347
1226,0.29283548831904405
804,0.29283548831907347
1352,0.29283548831904394
1082,0.29283548831904394
127,0.29365448225305585
39,0.23141878563689175
1415,0.29283548831904394
1821,0.29283548831904394
1494,0.29283548831904405
206,0.29283548831906614
305,0.29283548831907347
1757,0.29283548831904394
685,0.29283548831907347
393,0.29283548831907347
878,0.29283548831907347
1476,0.29283548831904405
1480,0.29283548831904394
1355,0.29283548831904405
264,0.29283548831907347
1625,0.29283548831904405
295,0.29283548831907347
1323,0.29283548831904405
293,0.29283548831907347
228,0.29283548831906614
159,0.2326974838490889
1895,0.29283548831904405
80,0.20491476709611287
1481,0.29283548831904405
1175,0.29283548831904405
371,0.29283548831907347
109,0.322868101638051
1434,0.29283548831904394
813,0.29283548831907347
293,0.29283548831907347
1418,0.29283548831904394
1959,0.29283548831904405
868,0.29283548831907347
96,0.34652371073638566
562,0.29283548831907347
971,0.29283548831907347
1208,0.29283548831904405
1086,0.29283548831904394
418,0.29283548831907347
302,0.29283548831907347
1228,0.29283548831904405
347,0.29283548831907347
1791,0.29283548831904405
1944,0.29283548831904394
63,0.2813813472166378
831,0.29283548831907347
480,0.29283548831907347
1963,0.3089663282798858
290,0.3074536934399181
766,0.27419208822831775
756,0.31681325508583547
612,0.3110534163019877
587,0.30862726179217276
702,0.27034646881407287
367,0.31028040982341876
1849,0.3170610956592271
760,0.2790776547302296
1627,0.2775789192114379
1564,0.27473255733194757
1915,0.26852133796367617
1588,0.2697703558397668
278,0.31590208195037534
876,0.30913679491246426
979,0.2686010930549346
1186,0.26901118444033156
421,0.28526668964266455
637,0.31313780499431004
711,0.30798926026602425
1153,0.2970944407216526
1998,0.2834880168160655
997,0.2740159122273826
546,0.27294017561849987
1585,0.316596539633657
1136,0.26847103175630616
103,0.27174327971225354
1506,0.273137511424248
452,0.2767844419052415
606,0.30553442701593125
1285,0.29579852371772397
1185,0.2832249293851143
361,0.3045677874481998
857,0.31178843162711145
972,0.27222066646740606
705,0.31292535591686704
1878,0.2724808543939921
1709,0.28407460457048395
1737,0.3049548340702209
87,0.23592500338935968
1615,0.2898363921986931
1990,0.2708432480759725
60,0.2560905939140261
1762,0.3077499929698544
1578,0.3063554963251519
1850,0.30702809443716284
760,0.2790776547302296
1700,0.2882815212220305
975,0.31001536709621325
1018,0.28751966243799304
121,0.30346036043500174
1484,0.31110553144338704
1824,0.31720255372282075
540,0.2774163120753389
1448,0.30436960331720037
1979,0.2803076543133901
417,0.31431323304496206
1818,0.3158762101026471
136,0.29772869157516163
1242,0.2746841229630884
520,0.2689290439665434
1717,0.31686747586250563
958,0.3023647652701242
1354,0.34207655765995215
609,0.3330464439075722
1036,0.32372133170961137
1026,0.39224143227467684
748,0.36682871516767035
574,0.38054924338844176
1996,0.30889436205865806
236,0.3822331452501744
1456,0.3067574701210216
1384,0.3948181920880136
1039,0.37887445985039847
41,0.2504734902092579
1902,0.30692222982604456
808,0.31872835226842045
1579,0.39036109326547186
1209,0.3639337838827148
381,0.3124963983925224
978,0.3107022890286753
728,0.31984105647039296
1234,0.3697884598193423
299,0.31946663299011036
1891,0.3425980543525271
848,0.3429783324256499
489,0.3136756813494971
1296,0.3953016073906773
678,0.32866717680051455
1253,0.363139086384631
1014,0.3735480676124284
619,0.3364827081193492
1738,0.3163383205967915
1840,0.31642120748497576
1434,0.3967858687228579
385,0.39441392308156825
1946,0.30686626890229785
1381,0.3097773694994166
1721,0.32834629548706895
315,0.3875072378773946
1254,0.3219063967487563
705,0.3961698082772154
1221,0.3863298373028121
653,0.33374620525810444
698,0.37796445951329216
681,0.37317993392191434
846,0.3116403700205359
1545,0.32582303112069566
595,0.30743392679938314
1828,0.3355271032392778
177,0.40676035262341037
398,0.38310251283495367
1286,0.30889510968315154
126,0.2615219725190164
1613,0.3068426372247757
1263,0.35686566691381066
1388,0.32866939140378965
1197,0.3386846650836164
1989,0.32632829908297956
1366,0.36747180372725097
116,0.23862914815822547
55,0.28548796945723365
1378,0.3887013810472939
380,0.3467364773466214
341,0.3946883963862037
1657,0.3068037524097097
1075,0.3783105299737383
537,0.2648572674799637
1019,0.2648572674799637
693,0.2648572674799637
1790,0.264857267479937
1065,0.26485726747993704
1558,0.264857267479937
923,0.26485726747996374
1281,0.264857267479937
346,0.2648572674799637
1775,0.264857267479937
904,0.2648572674799637
714,0.2648572674799637
1729,0.264857267479937
588,0.2648572674799637
841,0.2648572674799637
940,0.2648572674799637
648,0.26485726747996374
102,0.2810347751961659
739,0.2648572674799637
722,0.2648572674799637
793,0.2648572674799637
1179,0.264857267479937
464,0.2648572674799637
1060,0.26485726747993704
1548,0.264857267479937
20,0.2934810815177425
507,0.26485726747996374
1851,0.264857267479937
1254,0.26485726747993704
1566,0.26485726747993704
350,0.26485726747996374
1842,0.26485726747993704
816,0.2648572674799637
1440,0.26485726747993704
419,0.2648572674799637
471,0.2648572674799637
1658,0.264857267479937
1317,0.264857267479937
366,0.2648572674799637
1384,0.26485726747993704
508,0.2648572674799637
1447,0.264857267479937
315,0.2648572674799637
552,0.2648572674799637
525,0.2648572674799637
122,0.2752376083828787
728,0.2648572674799637
989,0.2648572674799637
442,0.2648572674799637
1427,0.264857267479937
155,0.264857267479957
345,0.2648572674799637
1341,0.26485726747993704
454,0.2648572674799637
1083,0.264857267479937
77,0.27845700631080084
1784,0.26485726747993704
1928,0.26485726747993704
1086,0.264857267479937
664,0.2648572674799637
296,0.2648572674799637
1244,0.26485726747993704
188,0.264857267479957
963,0.2648572674799637
1898,0.26832304341151964
1551,0.2692318313612192
825,0.2699658639710905
1988,0.2678106454702699
1694,0.26869095949951016
353,0.27839297383759964
87,0.28771799575678547
334,0.2790786536222468
212,0.2841740714155777
1793,0.26817716950051307
1340,0.26906701016913254
632,0.2705425100709002
1384,0.2689834112126137
1146,0.26939569504534894
773,0.27043988582183986
2,0.3618198088484568
450,0.2757745344392352
883,0.27002463056207154
1426,0.26939463140294134
123,0.28703262717237066
1711,0.26833979839933236
350,0.27934238562256036
370,0.27830602191676695
1678,0.2687664620311137
161,0.28595180158138056
298,0.2808196571655661
779,0.2704937791889948
973,0.27025374869950564
405,0.2769819847143876
132,0.28626989582682183
168,0.285671427307304
1946,0.2683977596144739
953,0.27014129679139154
1416,0.26889145520665636
1757,0.268622154520282
1074,0.27004125982002947
1595,0.269151364505165
1512,0.269091212884941
908,0.26994783139124406
1284,0.26913388910187525
1698,0.26841927182917175
538,0.2744439663248682
875,0.2699081171104504
762,0.2700922623333411
523,0.27414044981062324
961,0.27022193150305474
1914,0.2682997078335514
406,0.2772921624206327
1980,0.26806642591414714
917,0.2703003361399734
1284,0.26913388910187525
1682,0.26887073159367747
982,0.26969645885752236
752,0.27050026110312747
1346,0.26910587862402613
1955,0.26807502699171737
698,0.2704627362849591
1983,0.2681309407048981
1107,0.2695927798581298
766,0.27058412894442146
1296,0.26915041457770555
1654,0.2685063757707943
1905,0.26809778413498103
91,0.28769234661792314
1122,0.29283548831904405
1016,0.29283548831907347
886,0.29283548831907347
35,0.26839112597048276
1093,0.29283548831904394
809,0.29283548831907347
1371,0.29283548831904394
1408,0.29283548831904405
1416,0.29283548831904405
447,0.29283548831907347
1709,0.29283548831904394
1212,0.29283548831904405
817,0.29283548831907347
950,0.29283548831907347
1409,0.29283548831904394
1108,0.29283548831904405
403,0.29283548831907347
954,0.29283548831907347
688,0.29283548831907347
1418,0.29283548831904394
1857,0.29283548831904394
680,0.29283548831907347
1667,0.29283548831904394
867,0.29283548831907347
1223,0.29283548831904405
1679,0.29283548831904394
265,0.29283548831907347
323,0.29283548831907347
1294,0.29283548831904394
523,0.29283548831907347
1586,0.29283548831904394
447,0.29283548831907347
232,0.29283548831906614
1527,0.29283548831904394
776,0.29283548831907347
704,0.29283548831907347
1361,0.29283548831904394
574,0.29283548831907347
975,0.29283548831907347
443,0.29283548831907347
1266,0.29283548831904394
1460,0.29283548831904394
1540,0.29283548831904405
546,0.29283548831907347
1373,0.29283548831904394
577,0.29283548831907347
157,0.29283548831906614
874,0.29283548831907347
1970,0.29283548831904394
1896,0.29283548831904394
1734,0.29283548831904405
501,0.29283548831907347
1385,0.29283548831904394
1390,0.29283548831904394
481,0.29283548831907347
196,0.29283548831906614
129,0.29283548831906614
274,0.29283548831907347
1214,0.29283548831904405
604,0.2928354883190735
619,0.29283548831907347
1184,0.29283548831904405
1599,0.29283548831904405
1127,0.29283548831904394
1942,0.29283548831904405
601,0.29283548831907347
633,0.29283548831907347
1735,0.29283548831904394
1284,0.29283548831904394
462,0.29283548831907347
1949,0.29283548831904394
669,0.29283548831907347
1076,0.29283548831904394
1932,0.29283548831904394
1198,0.29283548831904394
1546,0.29283548831904405
793,0.29283548831907347
1793,0.29283548831904405
1351,0.29283548831904405
1391,0.29283548831904405
17,0.27382126897444514
1773,0.29283548831904394
43,0.28474254174587327
396,0.29283548831907347
1709,0.29283548831904394
533,0.29283548831907347
793,0.29283548831907347
936,0.29283548831907347
1272,0.29283548831904405
962,0.29283548831907347
539,0.29283548831907347
268,0.27926975835194345
132,0.26262973370748705
52,0.2848162348558479
995,0.29283548831907347
30,0.3135170539059162
453,0.29283548831907347
1298,0.29283548831904405
1177,0.29283548831904405
52,0.2848162348558479
813,0.29283548831907347
831,0.29283548831907347
89,0.2778055962062204
812,0.29283548831907347
1243,0.29283548831904394
1960,0.29283548831904394
476,0.29283548831907347
427,0.29283548831907347
546,0.29283548831907347
615,0.29283548831907347
640,0.29283548831907347
720,0.29283548831907347
206,0.2449466934909425
27,0.3626645660930964
78,0.27975174957512816
1927,0.29283548831904394
43,0.28474254174587327
846,0.29283548831907347
1504,0.29283548831904394
1480,0.29283548831904394
418,0.29283548831907347
1590,0.29283548831904394
311,0.29283548831907347
597,0.29283548831907347
748,0.29283548831907347
1552,0.29283548831904394
1073,0.29283548831904394
1554,0.29283548831904394
1055,0.3348018111803097
395,0.34608113002056073
732,0.38402032533779634
160,0.2803244787510848
433,0.3333919341668
630,0.3233326784714706
1935,0.32199689559589006
404,0.3302044556653665
464,0.3512334059484815
114,0.24809341133453786
575,0.3866106807703162
1905,0.31100837863173847
655,0.31923850969898504
1963,0.36354892430478386
793,0.3134199359659846
1025,0.3070694572102671
654,0.30722518686246314
1727,0.3476499570126592
807,0.3682563007129258
1956,0.33224388625650836
1979,0.3214424835039105
236,0.3431593896970899
187,0.28194025842001924
985,0.3736700152329486
769,0.35471754411947376
666,0.31618963136742045
1910,0.3180645987571272
734,0.35927210486838884
1825,0.37355810945959184
620,0.3924945930576579
82,0.31856131825610157
1915,0.3699124871006353
1086,0.35283374600375894
333,0.31596673026067
934,0.39522577575311935
1416,0.34713688333437953
1352,0.3097344476428673
774,0.3105578830776126
1831,0.3611550199355219
1085,0.3915110011592462
672,0.3246038986892428
514,0.36327351812057124
1816,0.31220110194736106
763,0.3674797584710737
1014,0.3527090558893821
78,0.32485456767487525
1498,0.36155386506798304
880,0.30904407341843765
1576,0.35685469403507564
193,0.37914326743945886
1151,0.3107053187028036
1347,0.35230923320483465
29,0.24336699352326158
941,0.37440287841713726
140,0.25153007157024426
294,0.3672151510635793
737,0.32987270093105014
860,0.3441303541136202
1717,0.32362653890190185
343,0.3962174487222673
43,0.3056890357941442
23,0.24606588887468722
268,0.3719899804879745
1640,0.31367171054137727
426,0.3104606253981929
447,0.3890341434568292
1647,0.3864291446016639
299,0.32054377642183074
1902,0.30692222982604456
1655,0.3686337845815023
224,0.3083375601882485
25,0.2576117020021981
710,0.35324216662100927
1224,0.31105837021169636
1605,0.3567213500299593
416,0.3963693130364443
502,0.326128282031242
1295,0.38163726971100204
531,0.33794688817550694
1560,0.3936555343639036
697,0.33445241036765655
1692,0.39261706235586114
870,0.35069998139210123
830,0.3800014723178349
1153,0.33943018246694767
167,0.31148132853788346
1586,0.3635353923036948
1446,0.3882880086583476
1658,0.32256992064993606
1842,0.39231007004392054
1003,0.3132271386455608
1325,0.32285401901902133
1966,0.32675541327154234
1705,0.37954841295981756
1292,0.3138029317013127
793,0.39642747660282124
1412,0.3067564479675107
700,0.36669392021731845
1019,0.3941744930155743
483,0.32117516526033646
793,0.39642747660282124
796,0.30793746795952326
260,0.3655222592468632
6,0.34409293996520907
1467,0.34633952816150937
1717,0.3949448182899148
1436,0.3292057246077789
1243,0.31407093625584454
1143,0.3303173447273373
1998,0.3508431337745666
617,0.39584360113943173
1863,0.33942763488133093
546,0.3267511432791242
98,0.3258170132832207
409,0.37899163772662553
974,0.3580722402238815
785,0.3358834775892424
170,0.33663195857729145
1651,0.30773086920696635
1146,0.3713090487921151
199,0.30572010897940405
234,0.3742284656175747
577,0.31447380473044356
1549,0.3329241351046564
407,0.3084145827121373
625,0.3487105995457487
1339,0.38227402102692004
1731,0.3416935689546412
977,0.29283548831907347
1984,0.29283548831904394
175,0.29283548831906614
406,0.29283548831907347
1298,0.29283548831904405
1937,0.29283548831904405
1193,0.29283548831904394
1365,0.29283548831904405
1542,0.29283548831904394
1054,0.29283548831904405
635,0.29283548831907347
1451,0.29283548831904394
298,0.29283548831907347
1373,0.29283548831904394
399,0.29283548831907347
1978,0.29283548831904394
684,0.29283548831907347
210,0.29283548831906614
1750,0.29283548831904394
1672,0.29283548831904394
328,0.29283548831907347
1880,0.29283548831904394
1252,0.29283548831904405
73,0.3183781779829161
1288,0.29283548831904405
1059,0.29283548831904394
1838,0.29283548831904394
1565,0.29283548831904394
1343,0.29283548831904394
963,0.29283548831907347
202,0.29283548831906614
960,0.29283548831907347
1516,0.29283548831904405
1031,0.29283548831904405
1995,0.29283548831904394
1456,0.29283548831904405
1602,0.29283548831904394
153,0.29283548831906614
113,0.31506547864692236
721,0.29283548831907347
1744,0.29283548831904394
890,0.29283548831907347
1841,0.29283548831904394
991,0.29283548831907347
1582,0.29283548831904405
253,0.29283548831906614
877,0.29283548831907347
352,0.29283548831907347
990,0.29283548831907347
1398,0.29283548831904394
1820,0.29283548831904405
382,0.29283548831907347
383,0.29283548831907347
72,0.31672734123183816
949,0.29283548831907347
248,0.29283548831906614
1508,0.29283548831904394
1334,0.29283548831904394
866,0.29283548831907347
1462,0.29283548831904405
1283,0.29283548831904405
1576,0.29283548831904394
1810,0.29283548831904394
258,0.29283548831907347
582,0.3138042670725868
743,0.39614438708724753
1358,0.3872441856310237
73,0.2800718970069308
863,0.38152432311654166
1080,0.324310976225093
1534,0.3892795000046432
1546,0.36838707997823095
229,0.324887658390832
1822,0.3476634094881115
1881,0.3767924405514621
1514,0.34221359106075155
1889,0.31180441757119637
224,0.30383411206405775
1269,0.3441382752832038
1408,0.3779668157354209
1935,0.34336749384087484
808,0.31872835226842045
1478,0.3967755697897555
446,0.3477572923013806
1434,0.3967858687228579
1618,0.3375750000598704
824,0.389277857299168
437,0.32740228447024755
607,0.31703152098434406
1178,0.34516689225780056
695,0.3161153062045513
572,0.36367502907388993
1361,0.31656689385155756
1341,0.36154296716642187
28,0.3066007092752791
481,0.32759150465248876
954,0.314680478512252
1063,0.39446238841070047
321,0.3514452168783499
891,0.3112137895148875
31,0.32087982503314394
8,0.2980030211943146
925,0.3966842989198456
346,0.3525670359648862
221,0.33850090402526656
699,0.3962847856761687
248,0.32427037903434625
1699,0.3678592877409079
1518,0.3187266429999679
1859,0.32063790786945723
1033,0.3670833355145857
1283,0.3956556790660246
92,0.26531911781960826
213,0.3104320614118389
1905,0.3952289163160971
1660,0.3957523820491776
1115,0.3527008550330003
57,0.2896772069920995
30,0.3139851942796845
87,0.2706759163032522
1791,0.3664413689872247
468,0.34516954905786623
1352,0.39402502375180626
1618,0.3375750000598704
1297,0.3623420510272649
758,0.31231939153971694
1511,0.3455560525335445
598,0.3937120077159054
1438,0.3198428357272061
1094,0.38381952764827004
1898,0.374412815810811
1232,0.3751363689309978
774,0.3948633209291098
994,0.3959318349400357
1229,0.31798543418649566
1136,0.31046160452505517
1349,0.3073150256420818
502,0.326128282031242
439,0.3206342546269618
266,0.38115715146151485
1982,0.35631721041910236
1616,0.3955554311846139
296,0.3825853819178542
1669,0.313607524246831
283,0.3648620778473645
979,0.3118644518168924
229,0.3284409163774644
949,0.3640731930177348
821,0.3094790482175582
492,0.3905866943338886
171,0.2921349615243103
1422,0.38819660664303524
1502,0.36761123760952535
170,0.278902319093727
655,0.39640798561123747
839,0.3329265031218342
1521,0.37404600718111736
233,0.26535895309492186
1201,0.3895181543083082
825,0.39080569565032197
338,0.3099074828506175
1012,0.37144166249953936
1367,0.3251038306157008
1887,0.3868772563950016
274,0.3167551439690081
1451,0.3351673285036614
871,0.314403402024792
1692,0.39261706235586114
1714,0.30964907976262107
1365,0.3964075953060887
72,0.2856163116673355
1841,0.3544524720302491
633,0.30696661219314053
567,0.3966025340121424
317,0.3543110477262456
1614,0.3220064138478007
655,0.39640798561123747
1927,0.3077038981790453
17,0.24931000200389392
756,0.3876805783584686
876,0.3635380987612802
1136,0.31046160452505517
1575,0.3092365145965651
781,0.39123442339090236
264,0.35532802748542824
1294,0.33844531068366457
1043,0.3528419488826048
1796,0.31597127553490467
1949,0.3954510095832572
600,0.34284578256511267
1789,0.3067555344932261
1708,0.31510154476834307
197,0.30080421443481675
955,0.2648572674799637
1448,0.264857267479937
1425,0.264857267479937
867,0.2648572674799637
140,0.2660538393946724
281,0.27021719221682206
218,0.29379758377402765
1897,0.264857267479937
966,0.2648572674799637
1664,0.26485726747993704
1953,0.264857267479937
325,0.262274348419988
1825,0.264857267479937
1795,0.264857267479937
1855,0.264857267479937
898,0.26485726747996374
1908,0.264857267479937
1068,0.264857267479937
641,0.2648572674799637
1942,0.26485726747993704
1373,0.264857267479937
1853,0.264857267479937
1591,0.264857267479937
1686,0.26485726747993704
1944,0.264857267479937
379,0.2648572674799637
456,0.2648572674799637
1202,0.264857267479937
1019,0.2648572674799637
168,0.2976481016928628
75,0.23742655921210984
239,0.2910579740518959
1678,0.26485726747993704
1029,0.264857267479937
739,0.2648572674799637
405,0.2648572674799637
1419,0.264857267479937
192,0.3002653917899468
79,0.23562199974275955
1440,0.26485726747993704
583,0.2648572674799637
235,0.291139987663963
1154,0.264857267479937
502,0.2648572674799637
1969,0.26485726747993704
1720,0.264857267479937
140,0.2660538393946724
274,0.2717711160841674
1213,0.264857267479937
422,0.2648572674799637
1541,0.26485726747993704
18,0.2555946676877938
1362,0.26485726747993704
1712,0.264857267479937
1776,0.26485726747993704
40,0.2805350784024607
1420,0.26485726747993704
1456,0.26485726747993704
680,0.2648572674799637
413,0.2648572674799637
1551,0.26485726747993704
938,0.26485726747996374
627,0.2648572674799637
1770,0.27179639249625054
442,0.31572288691172723
1063,0.3106468729628651
378,0.3081645809512041
290,0.3074536934399181
300,0.26940667477657576
1548,0.313978488079704
1255,0.2697058059074082
1255,0.2697058059074082
1376,0.2842712315272398
41,0.24255610360359348
450,0.28042441772643956
1561,0.30647551134948087
1743,0.31059213985156175
1950,0.315388824004192
103,0.28302999648328697
1370,0.2909039816732323
771,0.2714954739673497
1327,0.31239533679926274
959,0.27919082354370794
375,0.27350661812222976
1432,0.2739313970927448
801,0.30050149830070394
1457,0.2721501328391187
13,0.2896621566429286
1773,0.310647928384611
1602,0.28012846470942465
1819,0.29752341361855816
285,0.3149296791239857
208,0.2984551212986078
1285,0.29579852371772397
1127,0.31431249459567207
1113,0.30540854675143503
126,0.28087839940394804
960,0.2684687241442415
299,0.2847991935173829
1473,0.30721090792851613
582,0.2793644019387965
1551,0.2697284628074412
866,0.26894255322496646
425,0.27784777109182446
1872,0.27678656091536974
1245,0.3065410402913078
539,0.2684954211545123
1293,0.26847591539808985
1916,0.2771001191512022
113,0.2743496949808159
314,0.281212367757832
187,0.2686124976415747
1758,0.2684565327981312
80,0.2640661521841736
233,0.29716746337336425
714,0.2783428567642805
336,0.3015437028271496
1945,0.28933525821003814
1595,0.26986074331219834
1557,0.2684994603564028
1824,0.31720255372282075
594,0.29212034484434274
1738,0.28151800923822096
638,0.2916892618977187
1221,0.3165782331686264
754,0.28506645176268974
300,0.26940667477657576
1944,0.29283548831904394
1139,0.29283548831904405
434,0.29283548831907347
1027,0.29283548831904394
1659,0.29283548831904405
617,0.2928354883190735
1699,0.29283548831904394
936,0.29283548831907347
19,0.2924457117960534
61,0.2928354883190569
1826,0.29283548831904394
1082,0.29283548831904394
645,0.29283548831907347
687,0.29283548831907347
196,0.29283548831906614
1077,0.29283548831904405
391,0.29283548831907347
198,0.29283548831906614
1193,0.29283548831904394
1759,0.29283548831904394
1428,0.29283548831904394
1130,0.29283548831904394
185,0.29283548831906614
1165,0.29283548831904394
691,0.29283548831907347
1314,0.29283548831904394
30,0.310072079699501
1688,0.29283548831904405
1006,0.29283548831907347
527,0.29283548831907347
1854,0.29283548831904394
12,0.24928919082122863
1400,0.29283548831904394
651,0.29283548831907347
193,0.29283548831906614
187,0.29283548831906614
1226,0.29283548831904405
968,0.29283548831907347
1756,0.29283548831904394
339,0.29283548831907347
767,0.29283548831907347
1839,0.29283548831904394
1718,0.29283548831904405
407,0.29283548831907347
26,0.25563432937109887
881,0.29283548831907347
359,0.29283548831907347
837,0.29283548831907347
331,0.29283548831907347
1313,0.29283548831904394
1472,0.29283548831904394
1834,0.29283548831904405
372,0.29283548831907347
1642,0.29283548831904405
1042,0.29283548831904405
1902,0.29283548831904405
38,0.3617457897801937
372,0.29283548831907347
549,0.29283548831907347
1013,0.29283548831907347
1883,0.29283548831904394
1760,0.29283548831904405
1571,0.29283548831904405
1116,0.29283548831904405
694,0.27211378842344813
392,0.26737106514307574
1895,0.29952197182738327
1314,0.27845062702739054
1609,0.2858032592870632
1230,0.30939697529645876
1246,0.2683702409417821
1040,0.2819273715226152
1435,0.27204297400218735
592,0.26797106464362214
646,0.28751014124148866
1786,0.26924554580551147
1466,0.2687627193449704
746,0.29017309161294524
628,0.28255472203157084
1024,0.2916203524666252
1436,0.29154843905772015
1736,0.268457067195114
1412,0.3147572952082679
1825,0.2790794093884861
1729,0.2738854100862793
292,0.2684612147579464
478,0.2725780970896038
1806,0.27632541990518167
524,0.26838013334736954
286,0.2695110269058335
1262,0.30967659011908183
234,0.28165425327522386
1672,0.28207879425423865
1250,0.3014117627852293
704,0.2782648280887986
899,0.2786845832255782
1681,0.29047643614358953
1618,0.28648821443142986
277,0.27566420695133464
1733,0.3169622662887328
1310,0.28245457479609215
942,0.29366335783933334
1179,0.2988559247064937
864,0.27815291553779864
1947,0.3137464884013955
74,0.2858297202514505
167,0.285476006660658
89,0.28300621694352335
659,0.286499285671678
554,0.26927850616932875
128,0.2829220673370254
720,0.28177240819036475
708,0.28690831664789085
1408,0.28439936105658536
1959,0.3171628109140519
287,0.2733825507505198
536,0.26685955560372376
1712,0.2810313553802505
1237,0.3074371579206454
1730,0.2692639873063819
876,0.27163298910388844
322,0.2663474804427633
1804,0.28096562873332365
1263,0.2929710721801928
201,0.2882104543866073
1233,0.2694521074457467
642,0.2696685493811272
1638,0.3121203322269934
1826,0.31545213765210944
1337,0.30952267424378666
1074,0.3348090903012512
539,0.3090456195185769
1837,0.3774938529620889
1037,0.36565336979679297
1436,0.3292057246077789
1805,0.3944119978634528
684,0.3193233089882876
164,0.37271552104665545
1658,0.32256992064993606
1232,0.3751363689309978
1705,0.37954841295981756
394,0.3070688814623001
355,0.340938710690484
1818,0.3830983040571631
626,0.3134173357338732
1264,0.3933853338229096
485,0.3952273464201459
80,0.22588072128950792
1573,0.38152213154695375
1528,0.3951112173080399
1717,0.3949448182899148
671,0.309776483443037
1601,0.3112148609347854
1482,0.3203699589813852
494,0.31460918899823187
557,0.31115973044993744
716,0.34068939191812164
516,0.3855828758628953
561,0.3931555545831382
1827,0.30841590171673183
1702,0.32314226131759877
908,0.33757750276081816
806,0.3939713553101071
275,0.30788417679981434
675,0.3607448519105757
361,0.3535068376936344
1771,0.31958365379774406
893,0.3858679741941124
1089,0.38794019571316884
185,0.35672683660236437
162,0.3081125256586934
1739,0.30805091998934736
1453,0.3961438796448628
1832,0.3236165964827523
411,0.36551767942579827
339,0.34031058849510243
762,0.3942701054908958
1921,0.3068100006820841
701,0.32450501037844504
759,0.31031872409932504
564,0.3076571673643081
596,0.3183162182657518
1575,0.3092365145965651
1199,0.31367700519376734
927,0.3315493025984788
1312,0.31169832969980393
1722,0.3714442304561623
532,0.30912099462332654
901,0.3694064808093964
488,0.3093572141315525
252,0.3819536515873019
817,0.36168354629898236
771,0.387238722502583
1721,0.335514867405319
1871,0.37067455066714605
321,0.30130021462335027
1069,0.3071597077068726
439,0.32590264340931985
1867,0.30737466599960783
537,0.35437223728365014
1422,0.3350489555025514
788,0.3615511406230074
1976,0.38153308825085236
1153,0.3849111578244361
1651,0.37440039387317003
1397,0.34056684482992144
1648,0.327598017195371
219,0.3104581975046935
1383,0.30675737953712673
942,0.33098284275918044
278,0.30473321542561627
497,0.30438156774324143
1896,0.37620117663924446
381,0.34445291337261863
1145,0.31680269537647393
1879,0.3093957256123768
1309,0.3390656688596553
159,0.34358280653592754
855,0.30765619319737847
1480,0.3924362640943967
1024,0.3200989528664898
151,0.3476095606642181
1182,0.30680420550750065
604,0.3059024165417032
615,0.3360779243541339
1383,0.30675737953712673
1952,0.3932103014294749
1956,0.33224388625650836
900,0.31799041521617144
1912,0.3315585903218803
1558,0.3222784213556194
170,0.3234544281850451
1822,0.3190619104513257
860,0.3441303541136202
1095,0.324809517621373
1073,0.3721852488570546
1832,0.394949073165734
1774,0.3409464528390358
528,0.30802850279025834
524,0.3400050173160954
873,0.3267468736579381
522,0.3052730537590468
93,0.36168453461515016
1521,0.30780429462124825
788,0.3615511406230074
786,0.3069661399707507
502,0.3257395190019758
762,0.3251100126102207
611,0.31604705512924425
1673,0.323046911242081
1898,0.3077283377276262
1818,0.3417065495538757
625,0.3664009616379504
1674,0.36473662235219073
793,0.3134199359659846
1040,0.3879454853101407
239,0.29283548831906614
1906,0.29283548831904394
77,0.2478604165240857
651,0.29283548831907347
1008,0.29283548831907347
1363,0.29283548831904394
1611,0.29283548831904394
33,0.3226872175299786
1421,0.29283548831904394
874,0.29283548831907347
322,0.29283548831907347
799,0.29283548831907347
570,0.29283548831907347
1722,0.29283548831904394
1883,0.29283548831904394
655,0.29283548831907347
1096,0.29283548831904405
962,0.29283548831907347
1890,0.29283548831904405
1769,0.29283548831904394
1375,0.29283548831904405
1960,0.29283548831904394
547,0.29283548831907347
1842,0.29283548831904405
326,0.29283548831907347
707,0.29283548831907347
1574,0.29283548831904405
415,0.29283548831907347
405,0.29283548831907347
770,0.29283548831907347
1950,0.29283548831904405
336,0.29283548831907347
792,0.29283548831907347
354,0.29283548831907347
1939,0.29283548831904405
1673,0.29283548831904405
1567,0.29283548831904394
1639,0.29283548831904405
637,0.29283548831907347
1318,0.29283548831904394
810,0.29283548831907347
561,0.29283548831907347
1946,0.29283548831904394
49,0.33653938356632246
1545,0.29283548831904394
1671,0.29283548831904394
809,0.29283548831907347
1793,0.29283548831904405
1790,0.29283548831904394
919,0.29283548831907347
198,0.29283548831906614
1461,0.29283548831904394
1008,0.29283548831907347
1718,0.29283548831904405
518,0.29283548831907347
1414,0.29283548831904394
1822,0.29283548831904394
1919,0.29283548831904394
1418,0.29283548831904394
869,0.29283548831907347
97,0.23736676041657223
1832,0.29283548831904394
833,0.29283548831907347
172,0.29283548831906614
689,0.29283548831907347
776,0.29283548831907347
1461,0.29283548831904394
680,0.29283548831907347
1917,0.29283548831904394
1137,0.29283548831904394
663,0.29283548831907347
306,0.29283548831907347
1417,0.29283548831904405
273,0.29283548831907347
558,0.29283548831907347
1012,0.29283548831907347
1952,0.29283548831904405
1230,0.29283548831904394
1736,0.29283548831904394
170,0.29283548831906614
1163,0.29283548831904394
70,0.23695744982416767
369,0.29283548831907347
44,0.3090086704541124
1271,0.29283548831904405
7,0.29051166891166463
277,0.29283548831907347
1738,0.29283548831904394
1407,0.29283548831904405
1055,0.29283548831904394
1751,0.29283548831904405
1560,0.29283548831904394
425,0.29283548831907347
1297,0.29283548831904405
843,0.29283548831907347
912,0.29283548831907347
454,0.29283548831907347
984,0.29283548831907347
196,0.29283548831906614
1898,0.29283548831904405
834,0.29283548831907347
1370,0.29283548831904405
1313,0.29283548831904394
1395,0.29283548831904394
796,0.29283548831907347
39,0.29009104638767275
862,0.29283548831907347
714,0.29283548831907347
641,0.29283548831907347
568,0.2928354883190735
366,0.29283548831907347
481,0.29283548831907347
154,0.29283548831906614
1619,0.29283548831904405
303,0.29283548831907347
959,0.2928354883190735
265,0.29283548831907347
1036,0.29283548831904405
1248,0.29283548831904394
1031,0.29283548831904405
1470,0.29283548831904405
1133,0.29283548831904394
1679,0.29283548831904394
819,0.29283548831907347
612,0.29283548831907347
59,0.2985739674847011
1240,0.29283548831904394
461,0.29283548831907347
1634,0.29283548831904394
40,0.2607237613408445
281,0.2603548908555031
612,0.23974979581709227
942,0.23880101854435226
323,0.25710893833694626
407,0.2535068688048844
569,0.24281509680357333
504,0.2466269114968962
712,0.23380702158427735
1544,0.29283548831904394
944,0.25547807290554
1180,0.2716631460224318
382,0.25500625090393403
1007,0.2543451886848204
823,0.22794547767806828
1826,0.29283548831904394
1487,0.29283548831904394
1455,0.29283548831904405
1219,0.27759190103663645
647,0.2388675538741731
1027,0.2564100956957515
503,0.24736950186612278
911,0.24600937885101049
486,0.24743888977614198
1706,0.29283548831904405
1608,0.29283548831904394
440,0.2513092063390474
1602,0.29283548831904394
1189,0.2754888307707473
593,0.2408836688907355
986,0.2510767925499338
431,0.25140841686501775
121,0.22305370338200942
294,0.25984435805143624
1785,0.29283548831904405
303,0.25841573088481024
1556,0.29283548831904405
1387,0.29283548831904405
327,0.25778577417871595
440,0.2513092063390474
1766,0.29283548831904394
841,0.22632911160486316
1272,0.2881631828454344
881,0.21801334768213879
1782,0.29283548831904405
221,0.3046061310863502
1417,0.29283548831904405
353,0.2557827073245239
130,0.2294143247069683
230,0.27237504205351704
1432,0.29283548831904394
28,0.22435733421804954
987,0.250127773945919
720,0.2338973228992629
239,0.2712170009571945
1105,0.22045095790918903
557,0.2439494935768074
1372,0.29283548831904405
40,0.2607237613408445
1655,0.29283548831904405
193,0.31490803847268684
1118,0.26158475392904856
635,0.2392665518473847
50,0.28162424408470416
1902,0.2741046265946469
146,0.28796100013444
1466,0.32360849291813937
1338,0.3066887920604425
685,0.3200874945512291
21,0.26242806752295833
494,0.2744763814329183
15,0.2389019972131149
1832,0.2778852964018878
1944,0.30627782547196236
82,0.2785370107294183
995,0.31791863546938814
403,0.32068041440451506
1284,0.3177872531751008
1534,0.33701839982162674
221,0.2977380228608823
462,0.2838341242287671
1648,0.3285422854916929
1098,0.27575596095295085
709,0.28510463634938255
1468,0.2737216268217804
720,0.27701270930090666
997,0.2728554757839704
716,0.30646632500844034
1568,0.2802126850174245
192,0.27611391868794677
573,0.33951157434582885
482,0.27284775247050486
1173,0.27305604782926257
400,0.27310396861072767
876,0.3054368550369625
92,0.2726005168682129
1056,0.32900558800449786
45,0.2590587571420888
1934,0.28247550028257246
9,0.2762318249126322
1005,0.30631390443003426
1684,0.3204720606606326
1942,0.33029111575113396
872,0.2780916823051803
782,0.2974486833263603
157,0.283094318027277
759,0.279527892320153
267,0.2824893777430484
368,0.2781147883873811
1389,0.3288796958096149
1914,0.27408902316923195
951,0.31862985454943576
1643,0.28926861667971177
452,0.29810732850408184
1589,0.2968303733248192
485,0.33357617817006413
1621,0.3153007744130086
1440,0.33816236587929593
8,0.29400449594087125
1545,0.29622846428788513
1068,0.311982589743208
1787,0.3043765506989995
696,0.2765830601377216
380,0.28851641944938855
204,0.2819055636564114
1960,0.3063450712806936
1552,0.31881313087304547
488,0.2648572674799637
129,0.28084479391048356
1803,0.26485726747993704
893,0.2648572674799637
1122,0.26485726747993704
1917,0.264857267479937
236,0.2823301082188967
1083,0.264857267479937
1068,0.264857267479937
1581,0.26485726747993704
1327,0.26485726747993704
1154,0.264857267479937
648,0.26485726747996374
158,0.2801136567089392
249,0.2817613301606148
640,0.2648572674799637
706,0.2648572674799637
86,0.28323369346229654
1350,0.26485726747993704
948,0.2648572674799637
1432,0.264857267479937
1130,0.264857267479937
552,0.2648572674799637
1369,0.26485726747993704
1710,0.26485726747993704
40,0.2714555519498786
823,0.2648572674799637
999,0.2648572674799637
1004,0.2648572674799637
784,0.2648572674799637
1177,0.26485726747993704
1676,0.264857267479937
1823,0.26485726747993704
399,0.2648572674799637
913,0.2648572674799637
1881,0.26485726747993704
849,0.2648572674799637
1750,0.264857267479937
1848,0.264857267479937
1352,0.264857267479937
1325,0.264857267479937
177,0.28122033325185264
1076,0.264857267479937
1660,0.264857267479937
1211,0.264857267479937
462,0.2648572674799637
1433,0.264857267479937
1299,0.264857267479937
589,0.2648572674799637
855,0.2648572674799637
1048,0.264857267479937
1867,0.264857267479937
27,0.2758793478258607
482,0.2648572674799637
1396,0.26485726747993704
797,0.2648572674799637
1394,0.264857267479937
1683,0.264857267479937
1360,0.26485726747993704
279,0.27978977248288
833,0.2648572674799637
54,0.29567555066155066
831,0.2648572674799637
43,0.2710861464210691
1723,0.3145623817799292
1999,0.3069114220909583
425,0.27784777109182446
241,0.30957782509419707
1096,0.3073925785685843
853,0.26896929809798814
1108,0.31587672204351047
1390,0.314665084412996
153,0.31419041842214457
1238,0.2896230165099231
607,0.28208071805137214
570,0.27084444219022125
587,0.30862726179217276
1106,0.288355520245764
99,0.30251545538218033
1639,0.2699994198174401
269,0.2680566699495886
1353,0.3162266316569191
600,0.29902323166925404
113,0.337121315924643
780,0.3055991545759055
1634,0.293492388143289
155,0.27166850874784154
1107,0.3109538101280983
746,0.27019302942568524
1795,0.27350491889565715
791,0.2723681325862871
106,0.3204774201701033
264,0.2946937297726486
181,0.2752178582629788
1517,0.3068454084318929
509,0.2860770876300221
585,0.3005725396644015
507,0.2727837188837184
784,0.2685731349726693
590,0.27317925886693284
1941,0.2748712929045375
564,0.26885319299653765
559,0.2803052147724201
1969,0.3136279675340832
1010,0.2694062939690731
225,0.2713989562601543
1773,0.310647928384611
1981,0.31717661727664426
1566,0.315420052103411
1239,0.3118378459487108
1049,0.27856795274538393
280,0.27838345300623596
46,0.30433773267722875
1695,0.26875146898417257
948,0.27143109963898504
969,0.31434987634822203
978,0.2764239878644379
547,0.29327364421989865
502,0.2727068474452284
930,0.2866922430236555
1609,0.29673923817607917
380,0.29698943716225557
1440,0.3108016121513699
1685,0.31001646196609417
1315,0.31719762251679384
1809,0.2740619493492182
1474,0.2838082876612734
1709,0.28407460457048395
7,0.3351848674566244
1520,0.3084581929821679
1049,0.3126204363679313
1321,0.29930343733946174
1164,0.2973797909061721
1221,0.2864826258868555
972,0.2776870726381651
1914,0.27084653258250624
326,0.3043729512076915
1262,0.29987464608326986
921,0.268970000074395
1691,0.31342589669117354
1075,0.3161153212718436
694,0.27204079984492946
1719,0.26914840556884484
1041,0.27567941641951715
896,0.26977191943104173
1524,0.26846887682589043
1461,0.26864769753931356
1685,0.308681396790225
1317,0.269976184815234
1858,0.2790235848590978
804,0.31326509550636206
1146,0.2780643501849307
1867,0.3123911649024202
1667,0.28898161707294384
1437,0.2785137803598301
177,0.3084397812132338
1859,0.3021657009501048
914,0.2710521726903898
740,0.2878679170220238
357,0.2945023949714846
539,0.28934031089156464
653,0.309962439494064
1713,0.27149781996681177
539,0.28934031089156464
1867,0.3123911649024202
839,0.2685602157199852
1309,0.28566712375327785
1321,0.29930343733946174
993,0.31719475543413966
1178,0.2700691726173747
843,0.30968827196912646
1326,0.31718462172310397
1657,0.28024882812249347
1054,0.28420628075817567
377,0.3160939182612249
1125,0.3172098771225108
625,0.27078565103874336
724,0.3016102762598571
755,0.3103313270971248
1434,0.30160886855310276
301,0.30721400049391023
269,0.2936355608740181
502,0.3059165993349481
896,0.26977191943104173
747,0.3049594574371972
1633,0.30648121254932315
793,0.30423810664771944
1643,0.269726485487784
1086,0.2981729724133278
1842,0.3101710659400258
1058,0.278733480377643
1591,0.303441374327489
966,0.28342276870826527
1739,0.2872459329023612
926,0.27977018582583885
113,0.2722071257525085
1370,0.3172027658260991
1716,0.3150552564526251
820,0.26911541326659727
523,0.2911042179486595
1135,0.27211473772461536
976,0.28546554502721627
1431,0.28440476017967037
1132,0.31017215137885956
1004,0.29040541998924363
964,0.27445684613449883
1418,0.27582691722523334
1959,0.2893431982394591
1020,0.2850630364613068
213,0.2769146979896601
120,0.2728153795470128
1039,0.2817660137240247
1979,0.3138675404375744
1842,0.3101710659400258
986,0.309801075984197
1162,0.31105598679275615
874,0.31558714752590955
1488,0.29515476506450466
48,0.24286197339646853
622,0.3095220312040547
1661,0.2825190478542587
243,0.26890574023651403
595,0.2758990384442812
959,0.2713033523645039
1947,0.3029800828476132
797,0.2988131831765115
993,0.31719475543413966
1302,0.3028373096337864
723,0.3169398300425442
2,0.3604135630591042
1111,0.29493734066208654
430,0.2706932394415793
1003,0.2714971495932046
1452,0.3160457177431074
1286,0.2749643725850453
283,0.2847262480488154
833,0.26881821210842327
781,0.29068532193106505
1647,0.313667133028872
1485,0.2840685692888242
1799,0.2877221934959483
1180,0.2921240184472649
46,0.23533003851643053
615,0.2988185259171666
29,0.24110522064388756
856,0.3003599463104582
973,0.30050506816999784
453,0.2967532269203277
54,0.2581676950226991
1356,0.2938544265979688
1441,0.28446387643624627
1945,0.26849569321364636
863,0.2832885791307685
909,0.2748247430908454
1595,0.29966405411037506
1995,0.2689021982371061
1283,0.31211985755645416
27,0.3116420998320648
1428,0.3169738965575616
1992,0.29005012886945736
1712,0.3019534086978704
1351,0.2873126857632119
777,0.2753868419909747
1751,0.27375718293109114
1050,0.30161379540419586
1224,0.26851221573202705
214,0.2865681492427408
743,0.31624894056569447
795,0.2936333477023811
856,0.31541946271391264
456,0.28662253843590485
1311,0.27657674376122554
364,0.27617214299822357
791,0.2723681325862871
1036,0.27183276945891865
300,0.26940667477657576
1055,0.2738022391752729
1974,0.30952850513020164
1297,0.3086260904178393
340,0.3016123877675307
1486,0.2973090433504287
204,0.2917191896257869
253,0.31051514441579264
132,0.2750158134526008
906,0.3119791807354012
1225,0.2799503037408499
505,0.31386478078406194
1462,0.2733813157654039
1972,0.26992951992732644
233,0.2913912854065903
523,0.3155047186465845
1102,0.3124835481351611
1138,0.3024353773276924
311,0.29838403685122633
1460,0.31441961981978955
858,0.28954956697150147
1336,0.27901833207816473
1559,0.30304513931454796
506,0.29298459883000266
784,0.2685731349726693
1538,0.26853692798063955
1707,0.274015024657729
169,0.27020864166559555
139,0.28319134007777336
1377,0.30763502568462625
1083,0.31452559223274207
1945,0.28933525821003814
1459,0.31318143290468825
750,0.3144203455564769
1050,0.30161379540419586
1883,0.2730173427861644
203,0.3010325742227994
1733,0.26864847142815224
10,0.2908719008638688
1737,0.3049548340702209
240,0.3043936974522573
1009,0.28479783381517754
1703,0.2906904267778249
1887,0.31667824462662336
485,0.3115484271162824
641,0.28731127302513837
660,0.29090252118353416
891,0.26852662556420737
148,0.3135776381993439
1123,0.2701184306965076
164,0.30886606984377174
305,0.29680795890597994
1049,0.27856795274538393
1694,0.2818909519587423
1466,0.31681297146202975
737,0.3172084627743885
1243,0.26898364730981217
729,0.28814510360044465
980,0.2808475614429332
21,0.28057988443008275
1317,0.28207943550962494
6,0.33470861055343293
